<?xml version="1.0" encoding="UTF-8"?>
<DEFECTS>
  <DEFECT>
    <SFA>
      <FILEPATH>C:\Users\host\Desktop\Usermode\Usermode\Imgui\</FILEPATH>
      <FILENAME>imstb_truetype.h</FILENAME>
      <LINE>2095</LINE>
      <COLUMN>11</COLUMN>
    </SFA>
    <DEFECTCODE>26819</DEFECTCODE>
    <DESCRIPTION>Przepuszczająca klauzula bez adnotacji między etykietami instrukcji switch (es.78).</DESCRIPTION>
    <FUNCTION>stbtt__run_charstring</FUNCTION>
    <DECORATED>?stbtt__run_charstring@@YAHPEBUstbtt_fontinfo@@HPEAUstbtt__csctx@@@Z</DECORATED>
    <FUNCLINE>1962</FUNCLINE>
    <PATH></PATH>
  </DEFECT>
  <DEFECT>
    <SFA>
      <FILEPATH>C:\Users\host\Desktop\Usermode\Usermode\Imgui\</FILEPATH>
      <FILENAME>imstb_truetype.h</FILENAME>
      <LINE>3874</LINE>
      <COLUMN>15</COLUMN>
    </SFA>
    <DEFECTCODE>6385</DEFECTCODE>
    <DESCRIPTION>Odczytywanie nieprawidłowych danych z elementu „buffer”.</DESCRIPTION>
    <FUNCTION>stbtt__h_prefilter</FUNCTION>
    <DECORATED>?stbtt__h_prefilter@@YAXPEAEHHHI@Z</DECORATED>
    <FUNCLINE>3820</FUNCLINE>
    <PROBABILITY>1</PROBABILITY>
    <RANK>4</RANK>
    <CATEGORY>
      <RULECATEGORY>mspft</RULECATEGORY>
    </CATEGORY>
    <PATH>
      <SFA>
        <FILEPATH>C:\Users\host\Desktop\Usermode\Usermode\Imgui\</FILEPATH>
        <FILENAME>imstb_truetype.h</FILENAME>
        <LINE>3822</LINE>
        <COLUMN>17</COLUMN>
        <KEYEVENT>
          <ID>1</ID>
          <KIND>declaration</KIND>
          <IMPORTANCE>Essential</IMPORTANCE>
          <MESSAGE>Element „buffer” jest tablicą o wielkości w bajtach: 8</MESSAGE>
        </KEYEVENT>
      </SFA>
      <SFA>
        <FILEPATH>C:\Users\host\Desktop\Usermode\Usermode\Imgui\</FILEPATH>
        <FILENAME>imstb_truetype.h</FILENAME>
        <LINE>3823</LINE>
        <COLUMN>7</COLUMN>
      </SFA>
      <SFA>
        <FILEPATH>C:\Users\host\Desktop\Usermode\Usermode\Imgui\</FILEPATH>
        <FILENAME>imstb_truetype.h</FILENAME>
        <LINE>3824</LINE>
        <COLUMN>7</COLUMN>
      </SFA>
      <SFA>
        <FILEPATH>C:\Users\host\Desktop\Usermode\Usermode\Imgui\</FILEPATH>
        <FILENAME>imstb_truetype.h</FILENAME>
        <LINE>3825</LINE>
        <COLUMN>15</COLUMN>
        <KEYEVENT>
          <ID>2</ID>
          <KIND>declaration</KIND>
          <IMPORTANCE>Full</IMPORTANCE>
          <MESSAGE>Element „buffer” jest wyjściem dla elementu „memset” (deklaracja pod adresem c:\program files\microsoft visual studio\2022\professional\vc\tools\msvc\14.38.33130\include\vcruntime_string.h:63)</MESSAGE>
        </KEYEVENT>
      </SFA>
      <SFA>
        <FILEPATH>C:\Users\host\Desktop\Usermode\Usermode\Imgui\</FILEPATH>
        <FILENAME>imstb_truetype.h</FILENAME>
        <LINE>3826</LINE>
        <COLUMN>9</COLUMN>
      </SFA>
      <SFA>
        <FILEPATH>C:\Users\host\Desktop\Usermode\Usermode\Imgui\</FILEPATH>
        <FILENAME>imstb_truetype.h</FILENAME>
        <LINE>3826</LINE>
        <COLUMN>15</COLUMN>
        <KEYEVENT>
          <ID>3</ID>
          <KIND>branch</KIND>
          <IMPORTANCE>Full</IMPORTANCE>
          <MESSAGE>Wejdź do tej pętli (przyjmowane jest: „j&lt;h”)</MESSAGE>
        </KEYEVENT>
      </SFA>
      <SFA>
        <FILEPATH>C:\Users\host\Desktop\Usermode\Usermode\Imgui\</FILEPATH>
        <FILENAME>imstb_truetype.h</FILENAME>
        <LINE>3827</LINE>
        <COLUMN>10</COLUMN>
      </SFA>
      <SFA>
        <FILEPATH>C:\Users\host\Desktop\Usermode\Usermode\Imgui\</FILEPATH>
        <FILENAME>imstb_truetype.h</FILENAME>
        <LINE>3828</LINE>
        <COLUMN>19</COLUMN>
      </SFA>
      <SFA>
        <FILEPATH>C:\Users\host\Desktop\Usermode\Usermode\Imgui\</FILEPATH>
        <FILENAME>imstb_truetype.h</FILENAME>
        <LINE>3829</LINE>
        <COLUMN>18</COLUMN>
        <KEYEVENT>
          <ID>4</ID>
          <KIND>declaration</KIND>
          <IMPORTANCE>Full</IMPORTANCE>
          <MESSAGE>Element „buffer” jest wyjściem dla elementu „memset” (deklaracja pod adresem c:\program files\microsoft visual studio\2022\professional\vc\tools\msvc\14.38.33130\include\vcruntime_string.h:63)</MESSAGE>
        </KEYEVENT>
      </SFA>
      <SFA>
        <FILEPATH>C:\Users\host\Desktop\Usermode\Usermode\Imgui\</FILEPATH>
        <FILENAME>imstb_truetype.h</FILENAME>
        <LINE>3831</LINE>
        <COLUMN>12</COLUMN>
      </SFA>
      <SFA>
        <FILEPATH>C:\Users\host\Desktop\Usermode\Usermode\Imgui\</FILEPATH>
        <FILENAME>imstb_truetype.h</FILENAME>
        <LINE>3834</LINE>
        <COLUMN>14</COLUMN>
        <KEYEVENT>
          <ID>5</ID>
          <KIND>branch</KIND>
          <IMPORTANCE>Full</IMPORTANCE>
          <MESSAGE>Przyjmowane jest, że instrukcja switch ( „kernel_width” ) wskazuje na element case 2: </MESSAGE>
        </KEYEVENT>
      </SFA>
      <SFA>
        <FILEPATH>C:\Users\host\Desktop\Usermode\Usermode\Imgui\</FILEPATH>
        <FILENAME>imstb_truetype.h</FILENAME>
        <LINE>3835</LINE>
        <COLUMN>9</COLUMN>
      </SFA>
      <SFA>
        <FILEPATH>C:\Users\host\Desktop\Usermode\Usermode\Imgui\</FILEPATH>
        <FILENAME>imstb_truetype.h</FILENAME>
        <LINE>3836</LINE>
        <COLUMN>18</COLUMN>
      </SFA>
      <SFA>
        <FILEPATH>C:\Users\host\Desktop\Usermode\Usermode\Imgui\</FILEPATH>
        <FILENAME>imstb_truetype.h</FILENAME>
        <LINE>3836</LINE>
        <COLUMN>24</COLUMN>
      </SFA>
      <SFA>
        <FILEPATH>C:\Users\host\Desktop\Usermode\Usermode\Imgui\</FILEPATH>
        <FILENAME>imstb_truetype.h</FILENAME>
        <LINE>3837</LINE>
        <COLUMN>21</COLUMN>
      </SFA>
      <SFA>
        <FILEPATH>C:\Users\host\Desktop\Usermode\Usermode\Imgui\</FILEPATH>
        <FILENAME>imstb_truetype.h</FILENAME>
        <LINE>3838</LINE>
        <COLUMN>59</COLUMN>
      </SFA>
      <SFA>
        <FILEPATH>C:\Users\host\Desktop\Usermode\Usermode\Imgui\</FILEPATH>
        <FILENAME>imstb_truetype.h</FILENAME>
        <LINE>3839</LINE>
        <COLUMN>25</COLUMN>
      </SFA>
      <SFA>
        <FILEPATH>C:\Users\host\Desktop\Usermode\Usermode\Imgui\</FILEPATH>
        <FILENAME>imstb_truetype.h</FILENAME>
        <LINE>3836</LINE>
        <COLUMN>35</COLUMN>
      </SFA>
      <SFA>
        <FILEPATH>C:\Users\host\Desktop\Usermode\Usermode\Imgui\</FILEPATH>
        <FILENAME>imstb_truetype.h</FILENAME>
        <LINE>3836</LINE>
        <COLUMN>24</COLUMN>
      </SFA>
      <SFA>
        <FILEPATH>C:\Users\host\Desktop\Usermode\Usermode\Imgui\</FILEPATH>
        <FILENAME>imstb_truetype.h</FILENAME>
        <LINE>3872</LINE>
        <COLUMN>15</COLUMN>
        <KEYEVENT>
          <ID>6</ID>
          <KIND>branch</KIND>
          <IMPORTANCE>Full</IMPORTANCE>
          <MESSAGE>Wejdź do tej pętli (przyjmowane jest: „i&lt;w”)</MESSAGE>
        </KEYEVENT>
      </SFA>
      <SFA>
        <FILEPATH>C:\Users\host\Desktop\Usermode\Usermode\Imgui\</FILEPATH>
        <FILENAME>imstb_truetype.h</FILENAME>
        <LINE>3874</LINE>
        <COLUMN>15</COLUMN>
      </SFA>
      <SFA>
        <FILEPATH>C:\Users\host\Desktop\Usermode\Usermode\Imgui\</FILEPATH>
        <FILENAME>imstb_truetype.h</FILENAME>
        <LINE>3875</LINE>
        <COLUMN>19</COLUMN>
      </SFA>
      <SFA>
        <FILEPATH>C:\Users\host\Desktop\Usermode\Usermode\Imgui\</FILEPATH>
        <FILENAME>imstb_truetype.h</FILENAME>
        <LINE>3872</LINE>
        <COLUMN>20</COLUMN>
      </SFA>
      <SFA>
        <FILEPATH>C:\Users\host\Desktop\Usermode\Usermode\Imgui\</FILEPATH>
        <FILENAME>imstb_truetype.h</FILENAME>
        <LINE>3872</LINE>
        <COLUMN>15</COLUMN>
        <KEYEVENT>
          <ID>7</ID>
          <KIND>branch</KIND>
          <IMPORTANCE>Full</IMPORTANCE>
          <MESSAGE>Kontynuuj tę pętlę (przyjmowane jest: „i&lt;w”)</MESSAGE>
        </KEYEVENT>
      </SFA>
      <SFA>
        <FILEPATH>C:\Users\host\Desktop\Usermode\Usermode\Imgui\</FILEPATH>
        <FILENAME>imstb_truetype.h</FILENAME>
        <LINE>3874</LINE>
        <COLUMN>15</COLUMN>
        <KEYEVENT>
          <ID>8</ID>
          <KIND>usage</KIND>
          <IMPORTANCE>Essential</IMPORTANCE>
          <MESSAGE>Nieprawidłowy odczyt z elementu „buffer[2]” (czytelny zakres od 0 do 1)</MESSAGE>
        </KEYEVENT>
      </SFA>
    </PATH>
  </DEFECT>
  <DEFECT>
    <SFA>
      <FILEPATH>C:\Users\host\Desktop\Usermode\Usermode\Imgui\</FILEPATH>
      <FILENAME>imstb_truetype.h</FILENAME>
      <LINE>3936</LINE>
      <COLUMN>15</COLUMN>
    </SFA>
    <DEFECTCODE>6385</DEFECTCODE>
    <DESCRIPTION>Odczytywanie nieprawidłowych danych z elementu „buffer”.</DESCRIPTION>
    <FUNCTION>stbtt__v_prefilter</FUNCTION>
    <DECORATED>?stbtt__v_prefilter@@YAXPEAEHHHI@Z</DECORATED>
    <FUNCLINE>3882</FUNCLINE>
    <PROBABILITY>1</PROBABILITY>
    <RANK>4</RANK>
    <CATEGORY>
      <RULECATEGORY>mspft</RULECATEGORY>
    </CATEGORY>
    <PATH>
      <SFA>
        <FILEPATH>C:\Users\host\Desktop\Usermode\Usermode\Imgui\</FILEPATH>
        <FILENAME>imstb_truetype.h</FILENAME>
        <LINE>3884</LINE>
        <COLUMN>17</COLUMN>
        <KEYEVENT>
          <ID>1</ID>
          <KIND>declaration</KIND>
          <IMPORTANCE>Essential</IMPORTANCE>
          <MESSAGE>Element „buffer” jest tablicą o wielkości w bajtach: 8</MESSAGE>
        </KEYEVENT>
      </SFA>
      <SFA>
        <FILEPATH>C:\Users\host\Desktop\Usermode\Usermode\Imgui\</FILEPATH>
        <FILENAME>imstb_truetype.h</FILENAME>
        <LINE>3885</LINE>
        <COLUMN>7</COLUMN>
      </SFA>
      <SFA>
        <FILEPATH>C:\Users\host\Desktop\Usermode\Usermode\Imgui\</FILEPATH>
        <FILENAME>imstb_truetype.h</FILENAME>
        <LINE>3886</LINE>
        <COLUMN>7</COLUMN>
      </SFA>
      <SFA>
        <FILEPATH>C:\Users\host\Desktop\Usermode\Usermode\Imgui\</FILEPATH>
        <FILENAME>imstb_truetype.h</FILENAME>
        <LINE>3887</LINE>
        <COLUMN>15</COLUMN>
        <KEYEVENT>
          <ID>2</ID>
          <KIND>declaration</KIND>
          <IMPORTANCE>Full</IMPORTANCE>
          <MESSAGE>Element „buffer” jest wyjściem dla elementu „memset” (deklaracja pod adresem c:\program files\microsoft visual studio\2022\professional\vc\tools\msvc\14.38.33130\include\vcruntime_string.h:63)</MESSAGE>
        </KEYEVENT>
      </SFA>
      <SFA>
        <FILEPATH>C:\Users\host\Desktop\Usermode\Usermode\Imgui\</FILEPATH>
        <FILENAME>imstb_truetype.h</FILENAME>
        <LINE>3888</LINE>
        <COLUMN>9</COLUMN>
      </SFA>
      <SFA>
        <FILEPATH>C:\Users\host\Desktop\Usermode\Usermode\Imgui\</FILEPATH>
        <FILENAME>imstb_truetype.h</FILENAME>
        <LINE>3888</LINE>
        <COLUMN>15</COLUMN>
        <KEYEVENT>
          <ID>3</ID>
          <KIND>branch</KIND>
          <IMPORTANCE>Full</IMPORTANCE>
          <MESSAGE>Wejdź do tej pętli (przyjmowane jest: „j&lt;w”)</MESSAGE>
        </KEYEVENT>
      </SFA>
      <SFA>
        <FILEPATH>C:\Users\host\Desktop\Usermode\Usermode\Imgui\</FILEPATH>
        <FILENAME>imstb_truetype.h</FILENAME>
        <LINE>3889</LINE>
        <COLUMN>10</COLUMN>
      </SFA>
      <SFA>
        <FILEPATH>C:\Users\host\Desktop\Usermode\Usermode\Imgui\</FILEPATH>
        <FILENAME>imstb_truetype.h</FILENAME>
        <LINE>3890</LINE>
        <COLUMN>19</COLUMN>
      </SFA>
      <SFA>
        <FILEPATH>C:\Users\host\Desktop\Usermode\Usermode\Imgui\</FILEPATH>
        <FILENAME>imstb_truetype.h</FILENAME>
        <LINE>3891</LINE>
        <COLUMN>18</COLUMN>
        <KEYEVENT>
          <ID>4</ID>
          <KIND>declaration</KIND>
          <IMPORTANCE>Full</IMPORTANCE>
          <MESSAGE>Element „buffer” jest wyjściem dla elementu „memset” (deklaracja pod adresem c:\program files\microsoft visual studio\2022\professional\vc\tools\msvc\14.38.33130\include\vcruntime_string.h:63)</MESSAGE>
        </KEYEVENT>
      </SFA>
      <SFA>
        <FILEPATH>C:\Users\host\Desktop\Usermode\Usermode\Imgui\</FILEPATH>
        <FILENAME>imstb_truetype.h</FILENAME>
        <LINE>3893</LINE>
        <COLUMN>12</COLUMN>
      </SFA>
      <SFA>
        <FILEPATH>C:\Users\host\Desktop\Usermode\Usermode\Imgui\</FILEPATH>
        <FILENAME>imstb_truetype.h</FILENAME>
        <LINE>3896</LINE>
        <COLUMN>14</COLUMN>
        <KEYEVENT>
          <ID>5</ID>
          <KIND>branch</KIND>
          <IMPORTANCE>Full</IMPORTANCE>
          <MESSAGE>Przyjmowane jest, że instrukcja switch ( „kernel_width” ) wskazuje na element case 2: </MESSAGE>
        </KEYEVENT>
      </SFA>
      <SFA>
        <FILEPATH>C:\Users\host\Desktop\Usermode\Usermode\Imgui\</FILEPATH>
        <FILENAME>imstb_truetype.h</FILENAME>
        <LINE>3897</LINE>
        <COLUMN>9</COLUMN>
      </SFA>
      <SFA>
        <FILEPATH>C:\Users\host\Desktop\Usermode\Usermode\Imgui\</FILEPATH>
        <FILENAME>imstb_truetype.h</FILENAME>
        <LINE>3898</LINE>
        <COLUMN>18</COLUMN>
      </SFA>
      <SFA>
        <FILEPATH>C:\Users\host\Desktop\Usermode\Usermode\Imgui\</FILEPATH>
        <FILENAME>imstb_truetype.h</FILENAME>
        <LINE>3898</LINE>
        <COLUMN>24</COLUMN>
      </SFA>
      <SFA>
        <FILEPATH>C:\Users\host\Desktop\Usermode\Usermode\Imgui\</FILEPATH>
        <FILENAME>imstb_truetype.h</FILENAME>
        <LINE>3899</LINE>
        <COLUMN>21</COLUMN>
      </SFA>
      <SFA>
        <FILEPATH>C:\Users\host\Desktop\Usermode\Usermode\Imgui\</FILEPATH>
        <FILENAME>imstb_truetype.h</FILENAME>
        <LINE>3900</LINE>
        <COLUMN>59</COLUMN>
      </SFA>
      <SFA>
        <FILEPATH>C:\Users\host\Desktop\Usermode\Usermode\Imgui\</FILEPATH>
        <FILENAME>imstb_truetype.h</FILENAME>
        <LINE>3901</LINE>
        <COLUMN>41</COLUMN>
      </SFA>
      <SFA>
        <FILEPATH>C:\Users\host\Desktop\Usermode\Usermode\Imgui\</FILEPATH>
        <FILENAME>imstb_truetype.h</FILENAME>
        <LINE>3898</LINE>
        <COLUMN>35</COLUMN>
      </SFA>
      <SFA>
        <FILEPATH>C:\Users\host\Desktop\Usermode\Usermode\Imgui\</FILEPATH>
        <FILENAME>imstb_truetype.h</FILENAME>
        <LINE>3898</LINE>
        <COLUMN>24</COLUMN>
      </SFA>
      <SFA>
        <FILEPATH>C:\Users\host\Desktop\Usermode\Usermode\Imgui\</FILEPATH>
        <FILENAME>imstb_truetype.h</FILENAME>
        <LINE>3934</LINE>
        <COLUMN>15</COLUMN>
        <KEYEVENT>
          <ID>6</ID>
          <KIND>branch</KIND>
          <IMPORTANCE>Full</IMPORTANCE>
          <MESSAGE>Wejdź do tej pętli (przyjmowane jest: „i&lt;h”)</MESSAGE>
        </KEYEVENT>
      </SFA>
      <SFA>
        <FILEPATH>C:\Users\host\Desktop\Usermode\Usermode\Imgui\</FILEPATH>
        <FILENAME>imstb_truetype.h</FILENAME>
        <LINE>3936</LINE>
        <COLUMN>15</COLUMN>
      </SFA>
      <SFA>
        <FILEPATH>C:\Users\host\Desktop\Usermode\Usermode\Imgui\</FILEPATH>
        <FILENAME>imstb_truetype.h</FILENAME>
        <LINE>3937</LINE>
        <COLUMN>35</COLUMN>
      </SFA>
      <SFA>
        <FILEPATH>C:\Users\host\Desktop\Usermode\Usermode\Imgui\</FILEPATH>
        <FILENAME>imstb_truetype.h</FILENAME>
        <LINE>3934</LINE>
        <COLUMN>20</COLUMN>
      </SFA>
      <SFA>
        <FILEPATH>C:\Users\host\Desktop\Usermode\Usermode\Imgui\</FILEPATH>
        <FILENAME>imstb_truetype.h</FILENAME>
        <LINE>3934</LINE>
        <COLUMN>15</COLUMN>
        <KEYEVENT>
          <ID>7</ID>
          <KIND>branch</KIND>
          <IMPORTANCE>Full</IMPORTANCE>
          <MESSAGE>Kontynuuj tę pętlę (przyjmowane jest: „i&lt;h”)</MESSAGE>
        </KEYEVENT>
      </SFA>
      <SFA>
        <FILEPATH>C:\Users\host\Desktop\Usermode\Usermode\Imgui\</FILEPATH>
        <FILENAME>imstb_truetype.h</FILENAME>
        <LINE>3936</LINE>
        <COLUMN>15</COLUMN>
        <KEYEVENT>
          <ID>8</ID>
          <KIND>usage</KIND>
          <IMPORTANCE>Essential</IMPORTANCE>
          <MESSAGE>Nieprawidłowy odczyt z elementu „buffer[2]” (czytelny zakres od 0 do 1)</MESSAGE>
        </KEYEVENT>
      </SFA>
    </PATH>
  </DEFECT>
  <DEFECT>
    <SFA>
      <FILEPATH>C:\Users\host\Desktop\Usermode\Usermode\Imgui\</FILEPATH>
      <FILENAME>imgui_draw.cpp</FILENAME>
      <LINE>682</LINE>
      <COLUMN>46</COLUMN>
    </SFA>
    <DEFECTCODE>6255</DEFECTCODE>
    <DESCRIPTION>Funkcja „_alloca” wskazuje na błąd przez wywołanie wyjątku przepełnienia stosu. Zamiast tego rozważ użycie funkcji _malloca.</DESCRIPTION>
    <FUNCTION>ImDrawList::AddPolyline</FUNCTION>
    <DECORATED>?AddPolyline@ImDrawList@@QEAAXPEBUImVec2@@HI_NM@Z</DECORATED>
    <FUNCLINE>659</FUNCLINE>
    <PATH></PATH>
  </DEFECT>
  <DEFECT>
    <SFA>
      <FILEPATH>C:\Users\host\Desktop\Usermode\Usermode\Imgui\</FILEPATH>
      <FILENAME>imgui_draw.cpp</FILENAME>
      <LINE>864</LINE>
      <COLUMN>46</COLUMN>
    </SFA>
    <DEFECTCODE>6255</DEFECTCODE>
    <DESCRIPTION>Funkcja „_alloca” wskazuje na błąd przez wywołanie wyjątku przepełnienia stosu. Zamiast tego rozważ użycie funkcji _malloca.</DESCRIPTION>
    <FUNCTION>ImDrawList::AddConvexPolyFilled</FUNCTION>
    <DECORATED>?AddConvexPolyFilled@ImDrawList@@QEAAXPEBUImVec2@@HI@Z</DECORATED>
    <FUNCLINE>838</FUNCLINE>
    <PATH></PATH>
  </DEFECT>
</DEFECTS>