<?xml version="1.0" encoding="UTF-8"?>
<DEFECTS>
  <DEFECT>
    <SFA>
      <FILEPATH>C:\Users\host\Desktop\Usermode\Usermode\Imgui\</FILEPATH>
      <FILENAME>imgui.h</FILENAME>
      <LINE>1369</LINE>
      <COLUMN>0</COLUMN>
    </SFA>
    <DEFECTCODE>26495</DEFECTCODE>
    <DESCRIPTION>Zmienna „ImGuiSizeCallbackData::UserData” jest niezainicjowana. Zawsze inicjuj zmienną składową (type.6).</DESCRIPTION>
    <FUNCTION>ImGuiSizeCallbackData::{ctor}</FUNCTION>
    <DECORATED>??0ImGuiSizeCallbackData@@QEAA@XZ</DECORATED>
    <FUNCLINE>1369</FUNCLINE>
    <ADDITIONALINFO>
      <targetSymbol>ImGuiSizeCallbackData::UserData</targetSymbol>
    </ADDITIONALINFO>
    <PATH></PATH>
  </DEFECT>
  <DEFECT>
    <SFA>
      <FILEPATH>C:\Users\host\Desktop\Usermode\Usermode\Imgui\</FILEPATH>
      <FILENAME>imgui.cpp</FILENAME>
      <LINE>4591</LINE>
      <COLUMN>43</COLUMN>
    </SFA>
    <DEFECTCODE>28182</DEFECTCODE>
    <DESCRIPTION>Wyłuskanie wskaźnika NULL. Element „window-&gt;RootWindowForNav” zawiera tę samą wartość NULL, która była zapisana w elemencie „parent_window”. </DESCRIPTION>
    <FUNCTION>ImGui::UpdateWindowParentAndRootLinks</FUNCTION>
    <DECORATED>?UpdateWindowParentAndRootLinks@ImGui@@YAXPEAUImGuiWindow@@H0@Z</DECORATED>
    <FUNCLINE>4583</FUNCLINE>
    <PROBABILITY>1</PROBABILITY>
    <RANK>3</RANK>
    <CATEGORY>
      <RULECATEGORY>mspft</RULECATEGORY>
    </CATEGORY>
    <PATH>
      <SFA>
        <FILEPATH>C:\Users\host\Desktop\Usermode\Usermode\Imgui\</FILEPATH>
        <FILENAME>imgui.cpp</FILENAME>
        <LINE>4585</LINE>
        <COLUMN>25</COLUMN>
      </SFA>
      <SFA>
        <FILEPATH>C:\Users\host\Desktop\Usermode\Usermode\Imgui\</FILEPATH>
        <FILENAME>imgui.cpp</FILENAME>
        <LINE>4586</LINE>
        <COLUMN>23</COLUMN>
      </SFA>
      <SFA>
        <FILEPATH>C:\Users\host\Desktop\Usermode\Usermode\Imgui\</FILEPATH>
        <FILENAME>imgui.cpp</FILENAME>
        <LINE>4587</LINE>
        <COLUMN>64</COLUMN>
        <KEYEVENT>
          <ID>1</ID>
          <KIND>branch</KIND>
          <IMPORTANCE>Full</IMPORTANCE>
          <MESSAGE>Element „parent_window” może mieć wartość NULL (Pomiń to rozgałęzienie)</MESSAGE>
        </KEYEVENT>
      </SFA>
      <SFA>
        <FILEPATH>C:\Users\host\Desktop\Usermode\Usermode\Imgui\</FILEPATH>
        <FILENAME>imgui.cpp</FILENAME>
        <LINE>4589</LINE>
        <COLUMN>59</COLUMN>
        <KEYEVENT>
          <ID>2</ID>
          <KIND>branch</KIND>
          <IMPORTANCE>Full</IMPORTANCE>
          <MESSAGE>Pomiń to rozgałęzienie (przyjmowane jest, że element „&lt;warunek rozgałęzienia&gt;” ma wartość false)</MESSAGE>
        </KEYEVENT>
      </SFA>
      <SFA>
        <FILEPATH>C:\Users\host\Desktop\Usermode\Usermode\Imgui\</FILEPATH>
        <FILENAME>imgui.cpp</FILENAME>
        <LINE>4591</LINE>
        <COLUMN>43</COLUMN>
        <KEYEVENT>
          <ID>3</ID>
          <KIND>branch</KIND>
          <IMPORTANCE>Full</IMPORTANCE>
          <MESSAGE>Pomiń tę pętlę (przyjmowane jest, że element „&lt;warunek rozgałęzienia&gt;” ma wartość false)</MESSAGE>
        </KEYEVENT>
      </SFA>
      <SFA>
        <FILEPATH>C:\Users\host\Desktop\Usermode\Usermode\Imgui\</FILEPATH>
        <FILENAME>imgui.cpp</FILENAME>
        <LINE>4592</LINE>
        <COLUMN>33</COLUMN>
      </SFA>
      <SFA>
        <FILEPATH>C:\Users\host\Desktop\Usermode\Usermode\Imgui\</FILEPATH>
        <FILENAME>imgui.cpp</FILENAME>
        <LINE>4591</LINE>
        <COLUMN>43</COLUMN>
        <KEYEVENT>
          <ID>4</ID>
          <KIND>branch</KIND>
          <IMPORTANCE>Full</IMPORTANCE>
          <MESSAGE>Wejdź do tej pętli (przyjmowane jest: „&lt;warunek rozgałęzienia&gt;”)</MESSAGE>
        </KEYEVENT>
      </SFA>
      <SFA>
        <FILEPATH>C:\Users\host\Desktop\Usermode\Usermode\Imgui\</FILEPATH>
        <FILENAME>imgui.cpp</FILENAME>
        <LINE>4591</LINE>
        <COLUMN>43</COLUMN>
        <KEYEVENT>
          <ID>5</ID>
          <KIND>usage</KIND>
          <IMPORTANCE>Essential</IMPORTANCE>
          <MESSAGE>Element „parent_window” jest wyłuskiwany, ale nadal może mieć wartość NULL</MESSAGE>
        </KEYEVENT>
      </SFA>
    </PATH>
  </DEFECT>
  <DEFECT>
    <SFA>
      <FILEPATH>C:\Users\host\Desktop\Usermode\Usermode\Imgui\</FILEPATH>
      <FILENAME>imgui_internal.h</FILENAME>
      <LINE>459</LINE>
      <COLUMN>0</COLUMN>
    </SFA>
    <DEFECTCODE>26495</DEFECTCODE>
    <DESCRIPTION>Zmienna „ImGuiColorMod::Col” jest niezainicjowana. Zawsze inicjuj zmienną składową (type.6).</DESCRIPTION>
    <FUNCTION>ImGuiColorMod::{ctor}</FUNCTION>
    <DECORATED>??0ImGuiColorMod@@QEAA@XZ</DECORATED>
    <FUNCLINE>459</FUNCLINE>
    <ADDITIONALINFO>
      <targetSymbol>ImGuiColorMod::Col</targetSymbol>
    </ADDITIONALINFO>
    <PATH></PATH>
  </DEFECT>
  <DEFECT>
    <SFA>
      <FILEPATH>C:\Users\host\Desktop\Usermode\Usermode\Imgui\</FILEPATH>
      <FILENAME>imgui_internal.h</FILENAME>
      <LINE>563</LINE>
      <COLUMN>0</COLUMN>
    </SFA>
    <DEFECTCODE>26495</DEFECTCODE>
    <DESCRIPTION>Zmienna „ImGuiPopupRef::PopupId” jest niezainicjowana. Zawsze inicjuj zmienną składową (type.6).</DESCRIPTION>
    <FUNCTION>ImGuiPopupRef::{ctor}</FUNCTION>
    <DECORATED>??0ImGuiPopupRef@@QEAA@XZ</DECORATED>
    <FUNCLINE>563</FUNCLINE>
    <ADDITIONALINFO>
      <targetSymbol>ImGuiPopupRef::PopupId</targetSymbol>
    </ADDITIONALINFO>
    <PATH></PATH>
  </DEFECT>
  <DEFECT>
    <SFA>
      <FILEPATH>C:\Users\host\Desktop\Usermode\Usermode\Imgui\</FILEPATH>
      <FILENAME>imgui_internal.h</FILENAME>
      <LINE>563</LINE>
      <COLUMN>0</COLUMN>
    </SFA>
    <DEFECTCODE>26495</DEFECTCODE>
    <DESCRIPTION>Zmienna „ImGuiPopupRef::OpenFrameCount” jest niezainicjowana. Zawsze inicjuj zmienną składową (type.6).</DESCRIPTION>
    <FUNCTION>ImGuiPopupRef::{ctor}</FUNCTION>
    <DECORATED>??0ImGuiPopupRef@@QEAA@XZ</DECORATED>
    <FUNCLINE>563</FUNCLINE>
    <ADDITIONALINFO>
      <targetSymbol>ImGuiPopupRef::OpenFrameCount</targetSymbol>
    </ADDITIONALINFO>
    <PATH></PATH>
  </DEFECT>
  <DEFECT>
    <SFA>
      <FILEPATH>C:\Users\host\Desktop\Usermode\Usermode\Imgui\</FILEPATH>
      <FILENAME>imgui_internal.h</FILENAME>
      <LINE>563</LINE>
      <COLUMN>0</COLUMN>
    </SFA>
    <DEFECTCODE>26495</DEFECTCODE>
    <DESCRIPTION>Zmienna „ImGuiPopupRef::ParentWindow” jest niezainicjowana. Zawsze inicjuj zmienną składową (type.6).</DESCRIPTION>
    <FUNCTION>ImGuiPopupRef::{ctor}</FUNCTION>
    <DECORATED>??0ImGuiPopupRef@@QEAA@XZ</DECORATED>
    <FUNCLINE>563</FUNCLINE>
    <ADDITIONALINFO>
      <targetSymbol>ImGuiPopupRef::ParentWindow</targetSymbol>
    </ADDITIONALINFO>
    <PATH></PATH>
  </DEFECT>
  <DEFECT>
    <SFA>
      <FILEPATH>C:\Users\host\Desktop\Usermode\Usermode\Imgui\</FILEPATH>
      <FILENAME>imgui_internal.h</FILENAME>
      <LINE>563</LINE>
      <COLUMN>0</COLUMN>
    </SFA>
    <DEFECTCODE>26495</DEFECTCODE>
    <DESCRIPTION>Zmienna „ImGuiPopupRef::OpenParentId” jest niezainicjowana. Zawsze inicjuj zmienną składową (type.6).</DESCRIPTION>
    <FUNCTION>ImGuiPopupRef::{ctor}</FUNCTION>
    <DECORATED>??0ImGuiPopupRef@@QEAA@XZ</DECORATED>
    <FUNCLINE>563</FUNCLINE>
    <ADDITIONALINFO>
      <targetSymbol>ImGuiPopupRef::OpenParentId</targetSymbol>
    </ADDITIONALINFO>
    <PATH></PATH>
  </DEFECT>
  <DEFECT>
    <SFA>
      <FILEPATH>C:\Users\host\Desktop\Usermode\Usermode\Imgui\</FILEPATH>
      <FILENAME>imgui_internal.h</FILENAME>
      <LINE>563</LINE>
      <COLUMN>0</COLUMN>
    </SFA>
    <DEFECTCODE>26495</DEFECTCODE>
    <DESCRIPTION>Zmienna „ImGuiPopupRef::Window” jest niezainicjowana. Zawsze inicjuj zmienną składową (type.6).</DESCRIPTION>
    <FUNCTION>ImGuiPopupRef::{ctor}</FUNCTION>
    <DECORATED>??0ImGuiPopupRef@@QEAA@XZ</DECORATED>
    <FUNCLINE>563</FUNCLINE>
    <ADDITIONALINFO>
      <targetSymbol>ImGuiPopupRef::Window</targetSymbol>
    </ADDITIONALINFO>
    <PATH></PATH>
  </DEFECT>
  <DEFECT>
    <SFA>
      <FILEPATH>C:\Users\host\Desktop\Usermode\Usermode\Imgui\</FILEPATH>
      <FILENAME>imgui.cpp</FILENAME>
      <LINE>7488</LINE>
      <COLUMN>15</COLUMN>
    </SFA>
    <DEFECTCODE>28182</DEFECTCODE>
    <DESCRIPTION>Wyłuskanie wskaźnika NULL. Element „window” zawiera tę samą wartość NULL, która była zapisana w elemencie „g.NavWindow”. </DESCRIPTION>
    <FUNCTION>ImGui::NavUpdate</FUNCTION>
    <DECORATED>?NavUpdate@ImGui@@YAXXZ</DECORATED>
    <FUNCLINE>7247</FUNCLINE>
    <PROBABILITY>1</PROBABILITY>
    <RANK>3</RANK>
    <CATEGORY>
      <RULECATEGORY>mspft</RULECATEGORY>
    </CATEGORY>
    <PATH>
      <SFA>
        <FILEPATH>C:\Users\host\Desktop\Usermode\Usermode\Imgui\</FILEPATH>
        <FILENAME>imgui.cpp</FILENAME>
        <LINE>7249</LINE>
        <COLUMN>18</COLUMN>
      </SFA>
      <SFA>
        <FILEPATH>C:\Users\host\Desktop\Usermode\Usermode\Imgui\</FILEPATH>
        <FILENAME>imgui.cpp</FILENAME>
        <LINE>7250</LINE>
        <COLUMN>25</COLUMN>
      </SFA>
      <SFA>
        <FILEPATH>C:\Users\host\Desktop\Usermode\Usermode\Imgui\</FILEPATH>
        <FILENAME>imgui.cpp</FILENAME>
        <LINE>7256</LINE>
        <COLUMN>9</COLUMN>
      </SFA>
      <SFA>
        <FILEPATH>C:\Users\host\Desktop\Usermode\Usermode\Imgui\</FILEPATH>
        <FILENAME>imgui.cpp</FILENAME>
        <LINE>7257</LINE>
        <COLUMN>9</COLUMN>
      </SFA>
      <SFA>
        <FILEPATH>C:\Users\host\Desktop\Usermode\Usermode\Imgui\</FILEPATH>
        <FILENAME>imgui.cpp</FILENAME>
        <LINE>7258</LINE>
        <COLUMN>8</COLUMN>
      </SFA>
      <SFA>
        <FILEPATH>C:\Users\host\Desktop\Usermode\Usermode\Imgui\</FILEPATH>
        <FILENAME>imgui.cpp</FILENAME>
        <LINE>7263</LINE>
        <COLUMN>8</COLUMN>
      </SFA>
      <SFA>
        <FILEPATH>C:\Users\host\Desktop\Usermode\Usermode\Imgui\</FILEPATH>
        <FILENAME>imgui.cpp</FILENAME>
        <LINE>7278</LINE>
        <COLUMN>10</COLUMN>
      </SFA>
      <SFA>
        <FILEPATH>C:\Users\host\Desktop\Usermode\Usermode\Imgui\</FILEPATH>
        <FILENAME>imgui.cpp</FILENAME>
        <LINE>7279</LINE>
        <COLUMN>13</COLUMN>
      </SFA>
      <SFA>
        <FILEPATH>C:\Users\host\Desktop\Usermode\Usermode\Imgui\</FILEPATH>
        <FILENAME>imgui.cpp</FILENAME>
        <LINE>7279</LINE>
        <COLUMN>22</COLUMN>
      </SFA>
      <SFA>
        <FILEPATH>C:\Users\host\Desktop\Usermode\Usermode\Imgui\</FILEPATH>
        <FILENAME>imgui.cpp</FILENAME>
        <LINE>7280</LINE>
        <COLUMN>38</COLUMN>
      </SFA>
      <SFA>
        <FILEPATH>C:\Users\host\Desktop\Usermode\Usermode\Imgui\</FILEPATH>
        <FILENAME>imgui.cpp</FILENAME>
        <LINE>7279</LINE>
        <COLUMN>55</COLUMN>
      </SFA>
      <SFA>
        <FILEPATH>C:\Users\host\Desktop\Usermode\Usermode\Imgui\</FILEPATH>
        <FILENAME>imgui.cpp</FILENAME>
        <LINE>7279</LINE>
        <COLUMN>22</COLUMN>
      </SFA>
      <SFA>
        <FILEPATH>C:\Users\host\Desktop\Usermode\Usermode\Imgui\</FILEPATH>
        <FILENAME>imgui.cpp</FILENAME>
        <LINE>7280</LINE>
        <COLUMN>38</COLUMN>
      </SFA>
      <SFA>
        <FILEPATH>C:\Users\host\Desktop\Usermode\Usermode\Imgui\</FILEPATH>
        <FILENAME>imgui.cpp</FILENAME>
        <LINE>7279</LINE>
        <COLUMN>55</COLUMN>
      </SFA>
      <SFA>
        <FILEPATH>C:\Users\host\Desktop\Usermode\Usermode\Imgui\</FILEPATH>
        <FILENAME>imgui.cpp</FILENAME>
        <LINE>7279</LINE>
        <COLUMN>22</COLUMN>
      </SFA>
      <SFA>
        <FILEPATH>C:\Users\host\Desktop\Usermode\Usermode\Imgui\</FILEPATH>
        <FILENAME>imgui.cpp</FILENAME>
        <LINE>7283</LINE>
        <COLUMN>31</COLUMN>
      </SFA>
      <SFA>
        <FILEPATH>C:\Users\host\Desktop\Usermode\Usermode\Imgui\</FILEPATH>
        <FILENAME>imgui.cpp</FILENAME>
        <LINE>7293</LINE>
        <COLUMN>21</COLUMN>
      </SFA>
      <SFA>
        <FILEPATH>C:\Users\host\Desktop\Usermode\Usermode\Imgui\</FILEPATH>
        <FILENAME>imgui.cpp</FILENAME>
        <LINE>7294</LINE>
        <COLUMN>29</COLUMN>
      </SFA>
      <SFA>
        <FILEPATH>C:\Users\host\Desktop\Usermode\Usermode\Imgui\</FILEPATH>
        <FILENAME>imgui.cpp</FILENAME>
        <LINE>7295</LINE>
        <COLUMN>22</COLUMN>
      </SFA>
      <SFA>
        <FILEPATH>C:\Users\host\Desktop\Usermode\Usermode\Imgui\</FILEPATH>
        <FILENAME>imgui.cpp</FILENAME>
        <LINE>7296</LINE>
        <COLUMN>23</COLUMN>
      </SFA>
      <SFA>
        <FILEPATH>C:\Users\host\Desktop\Usermode\Usermode\Imgui\</FILEPATH>
        <FILENAME>imgui.cpp</FILENAME>
        <LINE>7299</LINE>
        <COLUMN>9</COLUMN>
      </SFA>
      <SFA>
        <FILEPATH>C:\Users\host\Desktop\Usermode\Usermode\Imgui\</FILEPATH>
        <FILENAME>imgui.cpp</FILENAME>
        <LINE>7303</LINE>
        <COLUMN>32</COLUMN>
      </SFA>
      <SFA>
        <FILEPATH>C:\Users\host\Desktop\Usermode\Usermode\Imgui\</FILEPATH>
        <FILENAME>imgui.cpp</FILENAME>
        <LINE>7312</LINE>
        <COLUMN>27</COLUMN>
      </SFA>
      <SFA>
        <FILEPATH>C:\Users\host\Desktop\Usermode\Usermode\Imgui\</FILEPATH>
        <FILENAME>imgui.cpp</FILENAME>
        <LINE>7325</LINE>
        <COLUMN>19</COLUMN>
      </SFA>
      <SFA>
        <FILEPATH>C:\Users\host\Desktop\Usermode\Usermode\Imgui\</FILEPATH>
        <FILENAME>imgui.cpp</FILENAME>
        <LINE>7326</LINE>
        <COLUMN>22</COLUMN>
      </SFA>
      <SFA>
        <FILEPATH>C:\Users\host\Desktop\Usermode\Usermode\Imgui\</FILEPATH>
        <FILENAME>imgui.cpp</FILENAME>
        <LINE>7330</LINE>
        <COLUMN>9</COLUMN>
      </SFA>
      <SFA>
        <FILEPATH>C:\Users\host\Desktop\Usermode\Usermode\Imgui\</FILEPATH>
        <FILENAME>imgui.cpp</FILENAME>
        <LINE>7332</LINE>
        <COLUMN>66</COLUMN>
      </SFA>
      <SFA>
        <FILEPATH>C:\Users\host\Desktop\Usermode\Usermode\Imgui\</FILEPATH>
        <FILENAME>imgui.cpp</FILENAME>
        <LINE>7336</LINE>
        <COLUMN>22</COLUMN>
      </SFA>
      <SFA>
        <FILEPATH>C:\Users\host\Desktop\Usermode\Usermode\Imgui\</FILEPATH>
        <FILENAME>imgui.cpp</FILENAME>
        <LINE>7339</LINE>
        <COLUMN>19</COLUMN>
      </SFA>
      <SFA>
        <FILEPATH>C:\Users\host\Desktop\Usermode\Usermode\Imgui\</FILEPATH>
        <FILENAME>imgui.cpp</FILENAME>
        <LINE>7340</LINE>
        <COLUMN>20</COLUMN>
      </SFA>
      <SFA>
        <FILEPATH>C:\Users\host\Desktop\Usermode\Usermode\Imgui\</FILEPATH>
        <FILENAME>imgui.cpp</FILENAME>
        <LINE>7343</LINE>
        <COLUMN>25</COLUMN>
      </SFA>
      <SFA>
        <FILEPATH>C:\Users\host\Desktop\Usermode\Usermode\Imgui\</FILEPATH>
        <FILENAME>imgui.cpp</FILENAME>
        <LINE>7382</LINE>
        <COLUMN>20</COLUMN>
      </SFA>
      <SFA>
        <FILEPATH>C:\Users\host\Desktop\Usermode\Usermode\Imgui\</FILEPATH>
        <FILENAME>imgui.cpp</FILENAME>
        <LINE>7383</LINE>
        <COLUMN>87</COLUMN>
      </SFA>
      <SFA>
        <FILEPATH>C:\Users\host\Desktop\Usermode\Usermode\Imgui\</FILEPATH>
        <FILENAME>imgui.cpp</FILENAME>
        <LINE>7396</LINE>
        <COLUMN>20</COLUMN>
      </SFA>
      <SFA>
        <FILEPATH>C:\Users\host\Desktop\Usermode\Usermode\Imgui\</FILEPATH>
        <FILENAME>imgui.cpp</FILENAME>
        <LINE>7398</LINE>
        <COLUMN>24</COLUMN>
      </SFA>
      <SFA>
        <FILEPATH>C:\Users\host\Desktop\Usermode\Usermode\Imgui\</FILEPATH>
        <FILENAME>imgui.cpp</FILENAME>
        <LINE>7400</LINE>
        <COLUMN>21</COLUMN>
      </SFA>
      <SFA>
        <FILEPATH>C:\Users\host\Desktop\Usermode\Usermode\Imgui\</FILEPATH>
        <FILENAME>imgui.cpp</FILENAME>
        <LINE>7403</LINE>
        <COLUMN>28</COLUMN>
      </SFA>
      <SFA>
        <FILEPATH>C:\Users\host\Desktop\Usermode\Usermode\Imgui\</FILEPATH>
        <FILENAME>imgui.cpp</FILENAME>
        <LINE>7405</LINE>
        <COLUMN>24</COLUMN>
      </SFA>
      <SFA>
        <FILEPATH>C:\Users\host\Desktop\Usermode\Usermode\Imgui\</FILEPATH>
        <FILENAME>imgui.cpp</FILENAME>
        <LINE>7408</LINE>
        <COLUMN>14</COLUMN>
      </SFA>
      <SFA>
        <FILEPATH>C:\Users\host\Desktop\Usermode\Usermode\Imgui\</FILEPATH>
        <FILENAME>imgui.cpp</FILENAME>
        <LINE>7409</LINE>
        <COLUMN>32</COLUMN>
      </SFA>
      <SFA>
        <FILEPATH>C:\Users\host\Desktop\Usermode\Usermode\Imgui\</FILEPATH>
        <FILENAME>imgui.cpp</FILENAME>
        <LINE>7428</LINE>
        <COLUMN>32</COLUMN>
      </SFA>
      <SFA>
        <FILEPATH>C:\Users\host\Desktop\Usermode\Usermode\Imgui\</FILEPATH>
        <FILENAME>imgui.cpp</FILENAME>
        <LINE>7432</LINE>
        <COLUMN>10</COLUMN>
      </SFA>
      <SFA>
        <FILEPATH>C:\Users\host\Desktop\Usermode\Usermode\Imgui\</FILEPATH>
        <FILENAME>imgui.cpp</FILENAME>
        <LINE>7433</LINE>
        <COLUMN>8</COLUMN>
      </SFA>
      <SFA>
        <FILEPATH>C:\Users\host\Desktop\Usermode\Usermode\Imgui\</FILEPATH>
        <FILENAME>imgui.cpp</FILENAME>
        <LINE>7437</LINE>
        <COLUMN>21</COLUMN>
      </SFA>
      <SFA>
        <FILEPATH>C:\Users\host\Desktop\Usermode\Usermode\Imgui\</FILEPATH>
        <FILENAME>imgui.cpp</FILENAME>
        <LINE>7439</LINE>
        <COLUMN>25</COLUMN>
      </SFA>
      <SFA>
        <FILEPATH>C:\Users\host\Desktop\Usermode\Usermode\Imgui\</FILEPATH>
        <FILENAME>imgui.cpp</FILENAME>
        <LINE>7440</LINE>
        <COLUMN>25</COLUMN>
      </SFA>
      <SFA>
        <FILEPATH>C:\Users\host\Desktop\Usermode\Usermode\Imgui\</FILEPATH>
        <FILENAME>imgui.cpp</FILENAME>
        <LINE>7442</LINE>
        <COLUMN>25</COLUMN>
      </SFA>
      <SFA>
        <FILEPATH>C:\Users\host\Desktop\Usermode\Usermode\Imgui\</FILEPATH>
        <FILENAME>imgui.cpp</FILENAME>
        <LINE>7444</LINE>
        <COLUMN>25</COLUMN>
      </SFA>
      <SFA>
        <FILEPATH>C:\Users\host\Desktop\Usermode\Usermode\Imgui\</FILEPATH>
        <FILENAME>imgui.cpp</FILENAME>
        <LINE>7445</LINE>
        <COLUMN>26</COLUMN>
      </SFA>
      <SFA>
        <FILEPATH>C:\Users\host\Desktop\Usermode\Usermode\Imgui\</FILEPATH>
        <FILENAME>imgui.cpp</FILENAME>
        <LINE>7446</LINE>
        <COLUMN>30</COLUMN>
      </SFA>
      <SFA>
        <FILEPATH>C:\Users\host\Desktop\Usermode\Usermode\Imgui\</FILEPATH>
        <FILENAME>imgui.cpp</FILENAME>
        <LINE>7448</LINE>
        <COLUMN>27</COLUMN>
      </SFA>
      <SFA>
        <FILEPATH>C:\Users\host\Desktop\Usermode\Usermode\Imgui\</FILEPATH>
        <FILENAME>imgui.cpp</FILENAME>
        <LINE>7451</LINE>
        <COLUMN>76</COLUMN>
      </SFA>
      <SFA>
        <FILEPATH>C:\Users\host\Desktop\Usermode\Usermode\Imgui\</FILEPATH>
        <FILENAME>imgui.cpp</FILENAME>
        <LINE>7480</LINE>
        <COLUMN>30</COLUMN>
      </SFA>
      <SFA>
        <FILEPATH>C:\Users\host\Desktop\Usermode\Usermode\Imgui\</FILEPATH>
        <FILENAME>imgui.cpp</FILENAME>
        <LINE>7481</LINE>
        <COLUMN>40</COLUMN>
      </SFA>
      <SFA>
        <FILEPATH>C:\Users\host\Desktop\Usermode\Usermode\Imgui\</FILEPATH>
        <FILENAME>imgui.cpp</FILENAME>
        <LINE>7482</LINE>
        <COLUMN>30</COLUMN>
      </SFA>
      <SFA>
        <FILEPATH>C:\Users\host\Desktop\Usermode\Usermode\Imgui\</FILEPATH>
        <FILENAME>imgui.cpp</FILENAME>
        <LINE>7485</LINE>
        <COLUMN>56</COLUMN>
      </SFA>
      <SFA>
        <FILEPATH>C:\Users\host\Desktop\Usermode\Usermode\Imgui\</FILEPATH>
        <FILENAME>imgui.cpp</FILENAME>
        <LINE>7487</LINE>
        <COLUMN>21</COLUMN>
        <KEYEVENT>
          <ID>1</ID>
          <KIND>declaration</KIND>
          <IMPORTANCE>Essential</IMPORTANCE>
          <MESSAGE>Element „window” może mieć wartość NULL</MESSAGE>
        </KEYEVENT>
      </SFA>
      <SFA>
        <FILEPATH>C:\Users\host\Desktop\Usermode\Usermode\Imgui\</FILEPATH>
        <FILENAME>imgui.cpp</FILENAME>
        <LINE>7488</LINE>
        <COLUMN>15</COLUMN>
        <KEYEVENT>
          <ID>2</ID>
          <KIND>usage</KIND>
          <IMPORTANCE>Essential</IMPORTANCE>
          <MESSAGE>Element „window” jest wyłuskiwany, ale nadal może mieć wartość NULL</MESSAGE>
        </KEYEVENT>
      </SFA>
    </PATH>
  </DEFECT>
</DEFECTS>