<?xml version="1.0" encoding="UTF-8"?>
<DEFECTS>
  <DEFECT>
    <SFA>
      <FILEPATH>C:\Program Files (x86)\Microsoft DirectX SDK (June 2010)\Include\</FILEPATH>
      <FILENAME>dinput.h</FILENAME>
      <LINE>4321</LINE>
      <COLUMN>25</COLUMN>
    </SFA>
    <DEFECTCODE>28251</DEFECTCODE>
    <DESCRIPTION>Niespójna adnotacja dla „joyConfigChanged”: w tym wystąpieniu jest brak adnotacji. Patrz c:\program files (x86)\windows kits\10\include\10.0.22621.0\um\joystickapi.h(420). </DESCRIPTION>
    <FUNCTION>joyConfigChanged</FUNCTION>
    <DECORATED>joyConfigChanged</DECORATED>
    <FUNCLINE>4321</FUNCLINE>
    <PATH></PATH>
  </DEFECT>
</DEFECTS>