<?xml version="1.0" encoding="UTF-8"?>
<DEFECTS>
  <DEFECT>
    <SFA>
      <FILEPATH>C:\Users\host\Desktop\Usermode\Usermode\Imgui\</FILEPATH>
      <FILENAME>imgui_widgets.cpp</FILENAME>
      <LINE>1656</LINE>
      <COLUMN>14</COLUMN>
    </SFA>
    <DEFECTCODE>6031</DEFECTCODE>
    <DESCRIPTION>Ignorowana wartość zwrotna: „sscanf”.</DESCRIPTION>
    <FUNCTION>DataTypeApplyOpFromText</FUNCTION>
    <DECORATED>?DataTypeApplyOpFromText@@YA_NPEBD0HPEAX0@Z</DECORATED>
    <FUNCLINE>1608</FUNCLINE>
    <PATH></PATH>
  </DEFECT>
  <DEFECT>
    <SFA>
      <FILEPATH>C:\Users\host\Desktop\Usermode\Usermode\Imgui\</FILEPATH>
      <FILENAME>imgui_widgets.cpp</FILENAME>
      <LINE>3946</LINE>
      <COLUMN>22</COLUMN>
    </SFA>
    <DEFECTCODE>6031</DEFECTCODE>
    <DESCRIPTION>Ignorowana wartość zwrotna: „sscanf”.</DESCRIPTION>
    <FUNCTION>ImGui::ColorEdit4</FUNCTION>
    <DECORATED>?ColorEdit4@ImGui@@YA_NPEBDQEAMH@Z</DECORATED>
    <FUNCLINE>3843</FUNCLINE>
    <PATH></PATH>
  </DEFECT>
  <DEFECT>
    <SFA>
      <FILEPATH>C:\Users\host\Desktop\Usermode\Usermode\Imgui\</FILEPATH>
      <FILENAME>imgui_widgets.cpp</FILENAME>
      <LINE>3948</LINE>
      <COLUMN>22</COLUMN>
    </SFA>
    <DEFECTCODE>6031</DEFECTCODE>
    <DESCRIPTION>Ignorowana wartość zwrotna: „sscanf”.</DESCRIPTION>
    <FUNCTION>ImGui::ColorEdit4</FUNCTION>
    <DECORATED>?ColorEdit4@ImGui@@YA_NPEBDQEAMH@Z</DECORATED>
    <FUNCLINE>3843</FUNCLINE>
    <PATH></PATH>
  </DEFECT>
  <DEFECT>
    <SFA>
      <FILEPATH>C:\Users\host\Desktop\Usermode\Usermode\Imgui\</FILEPATH>
      <FILENAME>imgui_widgets.cpp</FILENAME>
      <LINE>5577</LINE>
      <COLUMN>31</COLUMN>
    </SFA>
    <DEFECTCODE>6011</DEFECTCODE>
    <DESCRIPTION>Wyłuskanie wskaźnika NULL „window”. W wierszu 5549 znajduje się wcześniejsza lokalizacja, w której może to wystąpić</DESCRIPTION>
    <FUNCTION>ImGui::EndMenuBar</FUNCTION>
    <DECORATED>?EndMenuBar@ImGui@@YAXXZ</DECORATED>
    <FUNCLINE>5546</FUNCLINE>
    <PROBABILITY>1</PROBABILITY>
    <RANK>4</RANK>
    <CATEGORY>
      <RULECATEGORY>mspft</RULECATEGORY>
    </CATEGORY>
    <PATH>
      <SFA>
        <FILEPATH>C:\Users\host\Desktop\Usermode\Usermode\Imgui\</FILEPATH>
        <FILENAME>imgui_widgets.cpp</FILENAME>
        <LINE>5548</LINE>
        <COLUMN>17</COLUMN>
      </SFA>
      <SFA>
        <FILEPATH>C:\Users\host\Desktop\Usermode\Usermode\Imgui\</FILEPATH>
        <FILENAME>imgui_widgets.cpp</FILENAME>
        <LINE>5549</LINE>
        <COLUMN>14</COLUMN>
      </SFA>
      <SFA>
        <FILEPATH>C:\Users\host\Desktop\Usermode\Usermode\Imgui\</FILEPATH>
        <FILENAME>imgui_widgets.cpp</FILENAME>
        <LINE>5551</LINE>
        <COLUMN>18</COLUMN>
      </SFA>
      <SFA>
        <FILEPATH>C:\Users\host\Desktop\Usermode\Usermode\Imgui\</FILEPATH>
        <FILENAME>imgui_widgets.cpp</FILENAME>
        <LINE>5554</LINE>
        <COLUMN>108</COLUMN>
      </SFA>
      <SFA>
        <FILEPATH>C:\Users\host\Desktop\Usermode\Usermode\Imgui\</FILEPATH>
        <FILENAME>imgui_widgets.cpp</FILENAME>
        <LINE>5556</LINE>
        <COLUMN>21</COLUMN>
      </SFA>
      <SFA>
        <FILEPATH>C:\Users\host\Desktop\Usermode\Usermode\Imgui\</FILEPATH>
        <FILENAME>imgui_widgets.cpp</FILENAME>
        <LINE>5557</LINE>
        <COLUMN>48</COLUMN>
      </SFA>
      <SFA>
        <FILEPATH>C:\Users\host\Desktop\Usermode\Usermode\Imgui\</FILEPATH>
        <FILENAME>imgui_widgets.cpp</FILENAME>
        <LINE>5559</LINE>
        <COLUMN>128</COLUMN>
        <KEYEVENT>
          <ID>1</ID>
          <KIND>branch</KIND>
          <IMPORTANCE>Full</IMPORTANCE>
          <MESSAGE>Element „window” może mieć wartość NULL (Pomiń to rozgałęzienie)</MESSAGE>
        </KEYEVENT>
      </SFA>
      <SFA>
        <FILEPATH>C:\Users\host\Desktop\Usermode\Usermode\Imgui\</FILEPATH>
        <FILENAME>imgui_widgets.cpp</FILENAME>
        <LINE>5575</LINE>
        <COLUMN>15</COLUMN>
      </SFA>
      <SFA>
        <FILEPATH>C:\Users\host\Desktop\Usermode\Usermode\Imgui\</FILEPATH>
        <FILENAME>imgui_widgets.cpp</FILENAME>
        <LINE>5576</LINE>
        <COLUMN>9</COLUMN>
      </SFA>
      <SFA>
        <FILEPATH>C:\Users\host\Desktop\Usermode\Usermode\Imgui\</FILEPATH>
        <FILENAME>imgui_widgets.cpp</FILENAME>
        <LINE>5577</LINE>
        <COLUMN>31</COLUMN>
        <KEYEVENT>
          <ID>2</ID>
          <KIND>usage</KIND>
          <IMPORTANCE>Essential</IMPORTANCE>
          <MESSAGE>Element „window” jest wyłuskiwany, ale nadal może mieć wartość NULL</MESSAGE>
        </KEYEVENT>
      </SFA>
    </PATH>
  </DEFECT>
  <DEFECT>
    <SFA>
      <FILEPATH>C:\Users\host\Desktop\Usermode\Usermode\Imgui\</FILEPATH>
      <FILENAME>imgui_widgets.cpp</FILENAME>
      <LINE>5824</LINE>
      <COLUMN>13</COLUMN>
    </SFA>
    <DEFECTCODE>26495</DEFECTCODE>
    <DESCRIPTION>Zmienna „ImGuiTabBar::ContentsHeight” jest niezainicjowana. Zawsze inicjuj zmienną składową (type.6).</DESCRIPTION>
    <FUNCTION>ImGuiTabBar::{ctor}</FUNCTION>
    <DECORATED>??0ImGuiTabBar@@QEAA@XZ</DECORATED>
    <FUNCLINE>5824</FUNCLINE>
    <ADDITIONALINFO>
      <targetSymbol>ImGuiTabBar::ContentsHeight</targetSymbol>
    </ADDITIONALINFO>
    <PATH></PATH>
  </DEFECT>
  <DEFECT>
    <SFA>
      <FILEPATH>C:\Users\host\Desktop\Usermode\Usermode\Imgui\</FILEPATH>
      <FILENAME>imgui_widgets.cpp</FILENAME>
      <LINE>6445</LINE>
      <COLUMN>16</COLUMN>
    </SFA>
    <DEFECTCODE>6011</DEFECTCODE>
    <DESCRIPTION>Wyłuskanie wskaźnika NULL „p_open”. </DESCRIPTION>
    <FUNCTION>ImGui::TabItemEx</FUNCTION>
    <DECORATED>?TabItemEx@ImGui@@YA_NPEAUImGuiTabBar@@PEBDPEA_NH@Z</DECORATED>
    <FUNCLINE>6280</FUNCLINE>
    <PROBABILITY>1</PROBABILITY>
    <RANK>4</RANK>
    <CATEGORY>
      <RULECATEGORY>mspft</RULECATEGORY>
    </CATEGORY>
    <PATH>
      <SFA>
        <FILEPATH>C:\Users\host\Desktop\Usermode\Usermode\Imgui\</FILEPATH>
        <FILENAME>imgui_widgets.cpp</FILENAME>
        <LINE>6283</LINE>
        <COLUMN>15</COLUMN>
      </SFA>
      <SFA>
        <FILEPATH>C:\Users\host\Desktop\Usermode\Usermode\Imgui\</FILEPATH>
        <FILENAME>imgui_widgets.cpp</FILENAME>
        <LINE>6286</LINE>
        <COLUMN>18</COLUMN>
      </SFA>
      <SFA>
        <FILEPATH>C:\Users\host\Desktop\Usermode\Usermode\Imgui\</FILEPATH>
        <FILENAME>imgui_widgets.cpp</FILENAME>
        <LINE>6287</LINE>
        <COLUMN>17</COLUMN>
      </SFA>
      <SFA>
        <FILEPATH>C:\Users\host\Desktop\Usermode\Usermode\Imgui\</FILEPATH>
        <FILENAME>imgui_widgets.cpp</FILENAME>
        <LINE>6288</LINE>
        <COLUMN>14</COLUMN>
      </SFA>
      <SFA>
        <FILEPATH>C:\Users\host\Desktop\Usermode\Usermode\Imgui\</FILEPATH>
        <FILENAME>imgui_widgets.cpp</FILENAME>
        <LINE>6291</LINE>
        <COLUMN>22</COLUMN>
      </SFA>
      <SFA>
        <FILEPATH>C:\Users\host\Desktop\Usermode\Usermode\Imgui\</FILEPATH>
        <FILENAME>imgui_widgets.cpp</FILENAME>
        <LINE>6292</LINE>
        <COLUMN>18</COLUMN>
      </SFA>
      <SFA>
        <FILEPATH>C:\Users\host\Desktop\Usermode\Usermode\Imgui\</FILEPATH>
        <FILENAME>imgui_widgets.cpp</FILENAME>
        <LINE>6295</LINE>
        <COLUMN>15</COLUMN>
        <KEYEVENT>
          <ID>1</ID>
          <KIND>branch</KIND>
          <IMPORTANCE>Full</IMPORTANCE>
          <MESSAGE>Element „p_open” może mieć wartość NULL (Pomiń to rozgałęzienie)</MESSAGE>
        </KEYEVENT>
      </SFA>
      <SFA>
        <FILEPATH>C:\Users\host\Desktop\Usermode\Usermode\Imgui\</FILEPATH>
        <FILENAME>imgui_widgets.cpp</FILENAME>
        <LINE>6304</LINE>
        <COLUMN>11</COLUMN>
      </SFA>
      <SFA>
        <FILEPATH>C:\Users\host\Desktop\Usermode\Usermode\Imgui\</FILEPATH>
        <FILENAME>imgui_widgets.cpp</FILENAME>
        <LINE>6307</LINE>
        <COLUMN>18</COLUMN>
      </SFA>
      <SFA>
        <FILEPATH>C:\Users\host\Desktop\Usermode\Usermode\Imgui\</FILEPATH>
        <FILENAME>imgui_widgets.cpp</FILENAME>
        <LINE>6308</LINE>
        <COLUMN>9</COLUMN>
      </SFA>
      <SFA>
        <FILEPATH>C:\Users\host\Desktop\Usermode\Usermode\Imgui\</FILEPATH>
        <FILENAME>imgui_widgets.cpp</FILENAME>
        <LINE>6309</LINE>
        <COLUMN>12</COLUMN>
        <KEYEVENT>
          <ID>2</ID>
          <KIND>branch</KIND>
          <IMPORTANCE>Full</IMPORTANCE>
          <MESSAGE>Pomiń to rozgałęzienie (przyjmowane jest, że element „tab==0” ma wartość false)</MESSAGE>
        </KEYEVENT>
      </SFA>
      <SFA>
        <FILEPATH>C:\Users\host\Desktop\Usermode\Usermode\Imgui\</FILEPATH>
        <FILENAME>imgui_widgets.cpp</FILENAME>
        <LINE>6317</LINE>
        <COLUMN>28</COLUMN>
      </SFA>
      <SFA>
        <FILEPATH>C:\Users\host\Desktop\Usermode\Usermode\Imgui\</FILEPATH>
        <FILENAME>imgui_widgets.cpp</FILENAME>
        <LINE>6318</LINE>
        <COLUMN>23</COLUMN>
      </SFA>
      <SFA>
        <FILEPATH>C:\Users\host\Desktop\Usermode\Usermode\Imgui\</FILEPATH>
        <FILENAME>imgui_widgets.cpp</FILENAME>
        <LINE>6320</LINE>
        <COLUMN>15</COLUMN>
      </SFA>
      <SFA>
        <FILEPATH>C:\Users\host\Desktop\Usermode\Usermode\Imgui\</FILEPATH>
        <FILENAME>imgui_widgets.cpp</FILENAME>
        <LINE>6321</LINE>
        <COLUMN>15</COLUMN>
      </SFA>
      <SFA>
        <FILEPATH>C:\Users\host\Desktop\Usermode\Usermode\Imgui\</FILEPATH>
        <FILENAME>imgui_widgets.cpp</FILENAME>
        <LINE>6322</LINE>
        <COLUMN>15</COLUMN>
      </SFA>
      <SFA>
        <FILEPATH>C:\Users\host\Desktop\Usermode\Usermode\Imgui\</FILEPATH>
        <FILENAME>imgui_widgets.cpp</FILENAME>
        <LINE>6323</LINE>
        <COLUMN>26</COLUMN>
      </SFA>
      <SFA>
        <FILEPATH>C:\Users\host\Desktop\Usermode\Usermode\Imgui\</FILEPATH>
        <FILENAME>imgui_widgets.cpp</FILENAME>
        <LINE>6324</LINE>
        <COLUMN>15</COLUMN>
      </SFA>
      <SFA>
        <FILEPATH>C:\Users\host\Desktop\Usermode\Usermode\Imgui\</FILEPATH>
        <FILENAME>imgui_widgets.cpp</FILENAME>
        <LINE>6328</LINE>
        <COLUMN>23</COLUMN>
        <KEYEVENT>
          <ID>3</ID>
          <KIND>branch</KIND>
          <IMPORTANCE>Full</IMPORTANCE>
          <MESSAGE>Pomiń to rozgałęzienie (przyjmowane jest, że element „&lt;warunek rozgałęzienia&gt;” ma wartość false)</MESSAGE>
        </KEYEVENT>
      </SFA>
      <SFA>
        <FILEPATH>C:\Users\host\Desktop\Usermode\Usermode\Imgui\</FILEPATH>
        <FILENAME>imgui_widgets.cpp</FILENAME>
        <LINE>6335</LINE>
        <COLUMN>79</COLUMN>
        <KEYEVENT>
          <ID>4</ID>
          <KIND>branch</KIND>
          <IMPORTANCE>Full</IMPORTANCE>
          <MESSAGE>Pomiń to rozgałęzienie (przyjmowane jest, że element „&lt;warunek rozgałęzienia&gt;” ma wartość false)</MESSAGE>
        </KEYEVENT>
      </SFA>
      <SFA>
        <FILEPATH>C:\Users\host\Desktop\Usermode\Usermode\Imgui\</FILEPATH>
        <FILENAME>imgui_widgets.cpp</FILENAME>
        <LINE>6340</LINE>
        <COLUMN>9</COLUMN>
      </SFA>
      <SFA>
        <FILEPATH>C:\Users\host\Desktop\Usermode\Usermode\Imgui\</FILEPATH>
        <FILENAME>imgui_widgets.cpp</FILENAME>
        <LINE>6341</LINE>
        <COLUMN>8</COLUMN>
        <KEYEVENT>
          <ID>5</ID>
          <KIND>branch</KIND>
          <IMPORTANCE>Full</IMPORTANCE>
          <MESSAGE>Pomiń to rozgałęzienie (przyjmowane jest, że element „tab_contents_visible” ma wartość false)</MESSAGE>
        </KEYEVENT>
      </SFA>
      <SFA>
        <FILEPATH>C:\Users\host\Desktop\Usermode\Usermode\Imgui\</FILEPATH>
        <FILENAME>imgui_widgets.cpp</FILENAME>
        <LINE>6345</LINE>
        <COLUMN>61</COLUMN>
        <KEYEVENT>
          <ID>6</ID>
          <KIND>branch</KIND>
          <IMPORTANCE>Full</IMPORTANCE>
          <MESSAGE>Pomiń to rozgałęzienie (przyjmowane jest, że element „&lt;warunek rozgałęzienia&gt;” ma wartość false)</MESSAGE>
        </KEYEVENT>
      </SFA>
      <SFA>
        <FILEPATH>C:\Users\host\Desktop\Usermode\Usermode\Imgui\</FILEPATH>
        <FILENAME>imgui_widgets.cpp</FILENAME>
        <LINE>6349</LINE>
        <COLUMN>22</COLUMN>
        <KEYEVENT>
          <ID>7</ID>
          <KIND>branch</KIND>
          <IMPORTANCE>Full</IMPORTANCE>
          <MESSAGE>Pomiń to rozgałęzienie (przyjmowane jest, że element „&lt;warunek rozgałęzienia&gt;” ma wartość false)</MESSAGE>
        </KEYEVENT>
      </SFA>
      <SFA>
        <FILEPATH>C:\Users\host\Desktop\Usermode\Usermode\Imgui\</FILEPATH>
        <FILENAME>imgui_widgets.cpp</FILENAME>
        <LINE>6357</LINE>
        <COLUMN>31</COLUMN>
        <KEYEVENT>
          <ID>8</ID>
          <KIND>branch</KIND>
          <IMPORTANCE>Full</IMPORTANCE>
          <MESSAGE>Pomiń to rozgałęzienie (przyjmowane jest, że element „tab_bar-&gt;SelectedTabId==id” ma wartość false)</MESSAGE>
        </KEYEVENT>
      </SFA>
      <SFA>
        <FILEPATH>C:\Users\host\Desktop\Usermode\Usermode\Imgui\</FILEPATH>
        <FILENAME>imgui_widgets.cpp</FILENAME>
        <LINE>6361</LINE>
        <COLUMN>17</COLUMN>
      </SFA>
      <SFA>
        <FILEPATH>C:\Users\host\Desktop\Usermode\Usermode\Imgui\</FILEPATH>
        <FILENAME>imgui_widgets.cpp</FILENAME>
        <LINE>6364</LINE>
        <COLUMN>11</COLUMN>
      </SFA>
      <SFA>
        <FILEPATH>C:\Users\host\Desktop\Usermode\Usermode\Imgui\</FILEPATH>
        <FILENAME>imgui_widgets.cpp</FILENAME>
        <LINE>6365</LINE>
        <COLUMN>25</COLUMN>
      </SFA>
      <SFA>
        <FILEPATH>C:\Users\host\Desktop\Usermode\Usermode\Imgui\</FILEPATH>
        <FILENAME>imgui_widgets.cpp</FILENAME>
        <LINE>6366</LINE>
        <COLUMN>11</COLUMN>
      </SFA>
      <SFA>
        <FILEPATH>C:\Users\host\Desktop\Usermode\Usermode\Imgui\</FILEPATH>
        <FILENAME>imgui_widgets.cpp</FILENAME>
        <LINE>6367</LINE>
        <COLUMN>11</COLUMN>
      </SFA>
      <SFA>
        <FILEPATH>C:\Users\host\Desktop\Usermode\Usermode\Imgui\</FILEPATH>
        <FILENAME>imgui_widgets.cpp</FILENAME>
        <LINE>6370</LINE>
        <COLUMN>9</COLUMN>
      </SFA>
      <SFA>
        <FILEPATH>C:\Users\host\Desktop\Usermode\Usermode\Imgui\</FILEPATH>
        <FILENAME>imgui_widgets.cpp</FILENAME>
        <LINE>6371</LINE>
        <COLUMN>8</COLUMN>
        <KEYEVENT>
          <ID>9</ID>
          <KIND>branch</KIND>
          <IMPORTANCE>Full</IMPORTANCE>
          <MESSAGE>Pomiń to rozgałęzienie (przyjmowane jest, że element „want_clip_rect” ma wartość false)</MESSAGE>
        </KEYEVENT>
      </SFA>
      <SFA>
        <FILEPATH>C:\Users\host\Desktop\Usermode\Usermode\Imgui\</FILEPATH>
        <FILENAME>imgui_widgets.cpp</FILENAME>
        <LINE>6374</LINE>
        <COLUMN>12</COLUMN>
      </SFA>
      <SFA>
        <FILEPATH>C:\Users\host\Desktop\Usermode\Usermode\Imgui\</FILEPATH>
        <FILENAME>imgui_widgets.cpp</FILENAME>
        <LINE>6375</LINE>
        <COLUMN>8</COLUMN>
        <KEYEVENT>
          <ID>10</ID>
          <KIND>branch</KIND>
          <IMPORTANCE>Full</IMPORTANCE>
          <MESSAGE>Pomiń to rozgałęzienie (przyjmowane jest, że element „!ItemAdd(bb, id, 0)” ma wartość false)</MESSAGE>
        </KEYEVENT>
      </SFA>
      <SFA>
        <FILEPATH>C:\Users\host\Desktop\Usermode\Usermode\Imgui\</FILEPATH>
        <FILENAME>imgui_widgets.cpp</FILENAME>
        <LINE>6384</LINE>
        <COLUMN>21</COLUMN>
      </SFA>
      <SFA>
        <FILEPATH>C:\Users\host\Desktop\Usermode\Usermode\Imgui\</FILEPATH>
        <FILENAME>imgui_widgets.cpp</FILENAME>
        <LINE>6385</LINE>
        <COLUMN>9</COLUMN>
        <KEYEVENT>
          <ID>11</ID>
          <KIND>branch</KIND>
          <IMPORTANCE>Full</IMPORTANCE>
          <MESSAGE>Pomiń to rozgałęzienie (przyjmowane jest, że element „g.DragDropActive” ma wartość false)</MESSAGE>
        </KEYEVENT>
      </SFA>
      <SFA>
        <FILEPATH>C:\Users\host\Desktop\Usermode\Usermode\Imgui\</FILEPATH>
        <FILENAME>imgui_widgets.cpp</FILENAME>
        <LINE>6387</LINE>
        <COLUMN>9</COLUMN>
      </SFA>
      <SFA>
        <FILEPATH>C:\Users\host\Desktop\Usermode\Usermode\Imgui\</FILEPATH>
        <FILENAME>imgui_widgets.cpp</FILENAME>
        <LINE>6387</LINE>
        <COLUMN>18</COLUMN>
      </SFA>
      <SFA>
        <FILEPATH>C:\Users\host\Desktop\Usermode\Usermode\Imgui\</FILEPATH>
        <FILENAME>imgui_widgets.cpp</FILENAME>
        <LINE>6388</LINE>
        <COLUMN>9</COLUMN>
      </SFA>
      <SFA>
        <FILEPATH>C:\Users\host\Desktop\Usermode\Usermode\Imgui\</FILEPATH>
        <FILENAME>imgui_widgets.cpp</FILENAME>
        <LINE>6389</LINE>
        <COLUMN>12</COLUMN>
      </SFA>
      <SFA>
        <FILEPATH>C:\Users\host\Desktop\Usermode\Usermode\Imgui\</FILEPATH>
        <FILENAME>imgui_widgets.cpp</FILENAME>
        <LINE>6390</LINE>
        <COLUMN>16</COLUMN>
        <KEYEVENT>
          <ID>12</ID>
          <KIND>branch</KIND>
          <IMPORTANCE>Full</IMPORTANCE>
          <MESSAGE>Pomiń to rozgałęzienie (przyjmowane jest, że element „&lt;warunek rozgałęzienia&gt;” ma wartość false)</MESSAGE>
        </KEYEVENT>
      </SFA>
      <SFA>
        <FILEPATH>C:\Users\host\Desktop\Usermode\Usermode\Imgui\</FILEPATH>
        <FILENAME>imgui_widgets.cpp</FILENAME>
        <LINE>6394</LINE>
        <COLUMN>8</COLUMN>
        <KEYEVENT>
          <ID>13</ID>
          <KIND>branch</KIND>
          <IMPORTANCE>Full</IMPORTANCE>
          <MESSAGE>Pomiń to rozgałęzienie (przyjmowane jest, że element „!held” ma wartość false)</MESSAGE>
        </KEYEVENT>
      </SFA>
      <SFA>
        <FILEPATH>C:\Users\host\Desktop\Usermode\Usermode\Imgui\</FILEPATH>
        <FILENAME>imgui_widgets.cpp</FILENAME>
        <LINE>6398</LINE>
        <COLUMN>31</COLUMN>
        <KEYEVENT>
          <ID>14</ID>
          <KIND>branch</KIND>
          <IMPORTANCE>Full</IMPORTANCE>
          <MESSAGE>Pomiń to rozgałęzienie (przyjmowane jest, że element „&lt;warunek rozgałęzienia&gt;” ma wartość false)</MESSAGE>
        </KEYEVENT>
      </SFA>
      <SFA>
        <FILEPATH>C:\Users\host\Desktop\Usermode\Usermode\Imgui\</FILEPATH>
        <FILENAME>imgui_widgets.cpp</FILENAME>
        <LINE>6427</LINE>
        <COLUMN>16</COLUMN>
      </SFA>
      <SFA>
        <FILEPATH>C:\Users\host\Desktop\Usermode\Usermode\Imgui\</FILEPATH>
        <FILENAME>imgui_widgets.cpp</FILENAME>
        <LINE>6428</LINE>
        <COLUMN>16</COLUMN>
      </SFA>
      <SFA>
        <FILEPATH>C:\Users\host\Desktop\Usermode\Usermode\Imgui\</FILEPATH>
        <FILENAME>imgui_widgets.cpp</FILENAME>
        <LINE>6429</LINE>
        <COLUMN>21</COLUMN>
      </SFA>
      <SFA>
        <FILEPATH>C:\Users\host\Desktop\Usermode\Usermode\Imgui\</FILEPATH>
        <FILENAME>imgui_widgets.cpp</FILENAME>
        <LINE>6430</LINE>
        <COLUMN>22</COLUMN>
      </SFA>
      <SFA>
        <FILEPATH>C:\Users\host\Desktop\Usermode\Usermode\Imgui\</FILEPATH>
        <FILENAME>imgui_widgets.cpp</FILENAME>
        <LINE>6433</LINE>
        <COLUMN>15</COLUMN>
      </SFA>
      <SFA>
        <FILEPATH>C:\Users\host\Desktop\Usermode\Usermode\Imgui\</FILEPATH>
        <FILENAME>imgui_widgets.cpp</FILENAME>
        <LINE>6434</LINE>
        <COLUMN>26</COLUMN>
        <KEYEVENT>
          <ID>15</ID>
          <KIND>branch</KIND>
          <IMPORTANCE>Full</IMPORTANCE>
          <MESSAGE>Pomiń to rozgałęzienie (przyjmowane jest, że element „&lt;warunek rozgałęzienia&gt;” ma wartość false)</MESSAGE>
        </KEYEVENT>
      </SFA>
      <SFA>
        <FILEPATH>C:\Users\host\Desktop\Usermode\Usermode\Imgui\</FILEPATH>
        <FILENAME>imgui_widgets.cpp</FILENAME>
        <LINE>6437</LINE>
        <COLUMN>23</COLUMN>
        <KEYEVENT>
          <ID>16</ID>
          <KIND>branch</KIND>
          <IMPORTANCE>Full</IMPORTANCE>
          <MESSAGE>Pomiń to rozgałęzienie (przyjmowane jest, że element „tab_bar-&gt;Flags” ma wartość false)</MESSAGE>
        </KEYEVENT>
      </SFA>
      <SFA>
        <FILEPATH>C:\Users\host\Desktop\Usermode\Usermode\Imgui\</FILEPATH>
        <FILENAME>imgui_widgets.cpp</FILENAME>
        <LINE>6441</LINE>
        <COLUMN>18</COLUMN>
      </SFA>
      <SFA>
        <FILEPATH>C:\Users\host\Desktop\Usermode\Usermode\Imgui\</FILEPATH>
        <FILENAME>imgui_widgets.cpp</FILENAME>
        <LINE>6442</LINE>
        <COLUMN>9</COLUMN>
      </SFA>
      <SFA>
        <FILEPATH>C:\Users\host\Desktop\Usermode\Usermode\Imgui\</FILEPATH>
        <FILENAME>imgui_widgets.cpp</FILENAME>
        <LINE>6443</LINE>
        <COLUMN>8</COLUMN>
        <KEYEVENT>
          <ID>17</ID>
          <KIND>branch</KIND>
          <IMPORTANCE>Full</IMPORTANCE>
          <MESSAGE>Wejdź do tego rozgałęzienia (przyjmowane jest: „just_closed”)</MESSAGE>
        </KEYEVENT>
      </SFA>
      <SFA>
        <FILEPATH>C:\Users\host\Desktop\Usermode\Usermode\Imgui\</FILEPATH>
        <FILENAME>imgui_widgets.cpp</FILENAME>
        <LINE>6445</LINE>
        <COLUMN>16</COLUMN>
        <KEYEVENT>
          <ID>18</ID>
          <KIND>usage</KIND>
          <IMPORTANCE>Essential</IMPORTANCE>
          <MESSAGE>Element „p_open” jest wyłuskiwany, ale nadal może mieć wartość NULL</MESSAGE>
        </KEYEVENT>
      </SFA>
    </PATH>
  </DEFECT>
</DEFECTS>